rank ,id,problem,solution,Categories,relevance_problem,clarity_problem,suitability_solution,clarity_solution,Overall score ,See Details
1,844,"Single-use plastic packaging is one of the largest challenges of the century. It not only fills up landfills due to its non-biodegradable nature but also harms wildlife when it enters water bodies. It generates tons of CO2 in manufacturing and causes air pollution when incinerated. Lastly, this bulky but lightweight waste incurs high transport costs for its disposal.","My solution is to replace single-use plastic packaging with mycelium-based packaging. Mycelium, the root structure of mushrooms, can be grown using agricultural waste like straw or corn stalks. It forms a solid and shock-resistant material, perfect for replacing styrofoam and other plastic-based packaging.   The process of growing mycelium packaging can even occur on-site within businesses, significantly reducing transportation emissions associated with plastic packaging. Once used, the mycelium packaging can be composted or broken down naturally, returning to the earth without leaving any harmful residues.   This closed-loop approach does not merely reduce environmental impact but also generates value for businesses. Cost savings can be gained from the cheap and locally available raw materials (agricultural waste). On-site production eliminates the need for transporting bulky packaging materials. The end product - a compostable packaging material - could also appeal to eco-conscious consumers, improving brand image and customer loyalty.   Though the implementation of this solution requires an initial investment in set-up and some learning on growing mycelium, it is highly feasible due to its low complexity. It is also scalable as the process just requires agricultural waste, which is abundantly available across different geographical locations. This solution thus presents a revolutionary step in the transition towards a truly circular economy in packaging.",1,3,2,3,2,3,
2,737,"Single-Use Plastic Waste Ã¢ÂÂ Single-use plastic items clog up our landfills and pollute our oceans. They pose a direct threat to marine life and contribute significantly to our carbon footprint. Also, they are not always-recycled, creating an environmental crisis as they take hundreds of years to decompose.  ","Implement Up-Cycling Plastic Programs - Rather than just recycling, businesses could implement an """"up-cycling"""" approach, where consumers return used plastic goods or packaging. These returned items then get processed and reused in the creation of new, higher-quality products. This creates a circular economy, which has significant environmental benefits by drastically reducing plastic waste. It also reduces the costs associated with sourcing new raw materials and could be financially beneficial to businesses. This system could be further upscale by tying the return of recycled items to a rewards system, incentivizing regular participation.",1,2,2,1,2,1,
3,916,"The problem I am addressing is the massive amount of e-waste that is generated annually. Electronic waste, also known as e-waste, includes discarded electronic devices and components as well as substances involved in their manufacture or use. Consumption patterns and the rapid rate of obsolescence contribute to a growing problem which not only leads to environmental pollution but also represents a loss of valuable materials. Not only is this a major environmental problem, but it also contributes to social issues, as much of this e-waste is exported to developing countries for informal processing, often involving hazardous conditions.   In terms of business costs, many companies introduce new versions of electronic devices at a high frequency, resulting in retired products that still have much potential for use. Such practices add to the hazards of electronic waste, and also put pressure on companies to bear both the cost of rapid product launches and the expense of recycling or disposing old products.   ","My solution is to promote a """"Device as a Service"""" (DaaS) business model. In this model, companies would lease devices to consumers, rather than selling them the physical product. When an upgrade is available, the customer would simply return the old device to the company, and in turn the company would lease them the new device. The returned device could then be refurbished and leased to another customer, or properly recycled if it's no longer usable.   Through this model, companies can assure that the disposal or recycling of these devices is done responsibly, without hazardous impacts. Moreover, businesses can save costs by reclaiming and reusing valuable materials from obsolete products. This model also has a positive environmental impact as it reduces the need for raw materials and energy for production and curtails e-waste. Furthermore, it still satisfies consumer desire for the latest technology, upsetting the notion that sustainability means going without. This is a win for the environment, customers and businesses alike and has the potential to bring about disruptive change in electronic device industries. This idea needs support and collaboration with policy makers for implementation and hence the success and scalability are dependent on various external factors. However, with growing awareness and push for sustainable solutions, there is a clear market for such models.",3,2,2,,2,,
4,468,"The vast amount of waste continuously produced is ending up in landfills or incinerated, both adding to harmful environmental impacts. Furthermore, this waste represents lost economic value, as many materials can be reused or repurposed.  ","The enhanced solution presents an integrated, digital platform linked with """"Waste to Resource Hubs"""". This digital tool, similar to an """"Uber for waste"""", would allow businesses and individuals to list their waste products. Then, other businesses or individuals, who need those materials for upcycling, repurposing, or recycling, can claim and purchase through the platform.  Enabling direct exchanges through the platform minimizes unnecessary transport and speeds up the reuse process. It motivates businesses and individuals to list their waste, as they can directly turn their waste into income. The platform also empowers small-scale manufacturers and DIY makers who seek specific materials, allowing a more circular and sustainable consumption.  Furthermore, the platform would include a carbon tracking and calculation functionality. By tracing the lifecycle of materials, it could provide data on carbon emissions saved by its users, enhancing the environmental benefits and enabling the creation of a potential carbon credit market.   The solution increases the scalability and accessibility since it doesn't strictly depend on the hubs' physical presence or size. Similarly, it offers greater financial and environmental benefits by enabling a direct market for waste, reducing total transport, and enhancing waste reclamation speed while providing clear carbon-saving metrics.",0,3,2,,2,,
5,443,"The fashion industry is infamous for its massive waste production, from unsaleable stock to textile offcuts from pre-purchase manufacturing stages. This presents a glaring environmental issue, but also a missed business opportunity with respect to under-utilized assets.  ","Enter """"StyleStock"""", a B2B digital platform that creates a circular economy within the fashion industry by not only handling unsold stock and textile waste but also incentivizing the fashion retails with direct financial benefits.  The primary component of StyleStock is its comprehensive marketplace where companies can sell or trade their unsaleable stock or residual fabrics that would have otherwise gone to waste. However, in order to enhance financial impact, StyleStock differentiates itself by incorporating a unique 'credit system'. Every time a company lists an item on the platform, they are awarded StyleStock credits as an extra bonus, which can be used to purchase other materials or items listed on the platform. Moreover, these credits can also be converted into carbon credits, thereby enabling fashion retailers to fulfill their corporate sustainability obligations and tap into the carbon trading market.  To further elevate financial incentives, StyleStock will collaborate with manufacturing firms that specialize in creating upcycled textiles from waste materials. Businesses can sell their unneeded stock or unused fabrics to such manufacturers, thus monetizing waste and indirectly contributing to more sustainable fabrics.  Finally, StyleStock will also provide AI-Driven predictive analysis data about potential demand and pricing for various types of textiles and garments based on industry trends, helping businesses make informed decisions about production, therefore minimizing waste and increasing profitability.  This integrative approach not only embodies the spirit of the circular economy but also directly benefits businesses financially and promotes more strategic production planning, making it an appealing solution for both the planet and the pocket.",2,2,3,,3,,
6,1012,Not having internet or lights at home,"The idea is to create lightbulbs with battery, so you can still have lights when you dont have energy. also, the lightbulb will be used to share internet from a mobile device",0,2,2,,2,,
7,1035,"The ever-increasing problem of plastic waste is not only a threat to wildlife and ocean health, but also significantly contributes to global carbon emissions. Existing recycling programs often rely on energy-intensive processes, and many types of plastic cannot be recycled conventionally.  ","A sustainable solution would be to transform plastic waste into durable construction materials, specifically into plastic bricks. This process uses an innovative low-energy technology, utilizing a compression process to form bricks with various types of clean, uncycled plastic. The plastic bricks are cheaper, lighter, more durable, and offer better insulation than traditional bricks, creating a cost-effective option for construction companies. Additionally, this solution affords a secondary benefit of paving the way for road construction, especially beneficial in developing countries. This not only creates an additional revenue stream in the form of cost-competitive building materials but also helps in reducing our environmental footprint by repurposing plastic waste.",1,3,2,,2,,
8,383,"The global fashion industry is one of the world's major polluting industries, with a significant carbon footprint and waste generated through production and disposal of garments.   ","We propose an innovative circular business model called """"Fashion-as-a-Service"""". This venture would work by leasing garments to customers, thereby encouraging the reuse and constant recycling of clothes. It is also designed to adapt to rapidly changing fashion trends without excessively producing and wasting clothes.  In this model, customers will pay a subscription fee to have access to a constantly updated wardrobe. The returned clothes could be cleaned, repaired if necessary, and then leased out again. Damaged clothes that can't be repaired would be recycled into new clothes, reducing waste. This idea could be economically beneficial as businesses can profit from recurring subscription fees rather than one-time sales. Moreover, it encourages companies to create more durable clothing as these would see increased usage.   The environmental impact could be massive. By recycling and reusing garments, we drastically cut down on the waste amassed by the fashion industry and decrease our reliance on the production of new clothes.   This model's feasibility and scalability can be observed in existing sectors: """"Car-as-a-service"""" is becoming a trend, and this same concept can be applied to the fashion industry. Businesses could start small-scale, targeting environmentally conscious consumers or specific niches such as high-end fashion or staple basics.  Overall, this could potentially revolutionize the fashion industry, making it more sustainable, profitable, and in line with the circular economy principles.",2,2,3,,3,,
9,244,"E-waste, one of the most rapidly growing environmental issues, due to improper disposal and underutilization of electronic goods.  ","An evolved """"Digital Recycle & Renew Hub"""" that facilitates the donation, sale, repair, and proper recycle of electronic goods. This hub, going a step further, would incorporate IoT (Internet of Things) technology to track the lifecycle of the electronic goods Ã¢ÂÂ from first use to final recycle.   The platform would have separate portals for donors/sellers, repair services, buyers, and certified recyclers. Donors/sellers would list their items, which could be bought directly or flagged for repair then resale. Buyers make a recycle pledge and IoT-enabled tracking assures the fulfillment of their commitment. In cases where the item cannot be repaired, it's forwarded to a certified recycler.  This solution's novelty lies in its end-to-end tracking of electronic product lifecycles and integrating the repair function into its operations. The environmental impact is more far-reaching, as it targets the e-waste problem, promotes recycling, and encourages the repair and reuse of electronic goods. Financially, businesses could reduce their electronic purchase costs, earn from the resale of their own electronic waste, and boost their reputation for sustainability.   The incorporation of IoT adds to initial setup costs but enhances the feasibility of the model by providing effective tracking to ensure recycling commitments. Such a platform has great potential for scalability in the expanding digital marketplace, providing a holistic solution for e-waste while driving the circular economy.",3,2,2,,2,,
10,234,"Widespread usage of single-use plastic water bottles have become a significant environmental concern globally. They contribute to significant landfill waste and ocean pollution, often not decomposing for hundreds of years.   ","One effective solution could be to incentivize the use of refillable containers and launch Pure Fill Stations in high-footfall areas such as universities, schools, shopping centers, and corporate offices. These stations would provide pure filtered water at a fraction of the cost of typical bottled water, allowing consumers to refill their reusable bottles. Various payment options can be offered at these stations for convenience. Partnerships with local governments, sustainability grants, or corporate sponsorships can help implement these stations cost-effectively. This solution not only reduces plastic landfill contributions but also promotes responsible consumer behavior, potentially saving businesses millions in costs associated with waste management.",1,3,2,,2,,
11,924,"The world is currently facing an enormous environmental crisis due to the rampant use of plastic products. These products are not only harmful to the environment but also pose a serious threat to human health. One major contributor to this problem is the food delivery industry, which heavily relies on plastic containers and plates for food deliveries. The industry generates an enormous amount of plastic waste daily, which often ends up in landfills, oceans, and other natural habitats, leading to devastating consequences for wildlife and ecosystems.","Use of eco-friendly cardboard boxes for food deliveries, which can also double as plates for consuming food. This innovation will drastically reduce plastic waste and mitigate the harmful impact of plastic on the environment and human health. These eco-friendly cardboard boxes are not only biodegradable but also compostable, making them an ideal alternative to plastic containers.

Furthermore, these eco-friendly cardboard boxes are cost-effective and easy to produce. They are lightweight, easy to transport, and can be easily recycled or repurposed. With the increasing demand for sustainable solutions, the adoption of these eco-friendly cardboard boxes in the food delivery industry will not only benefit the environment but also improve brand image and customer loyalty.",1,2,3,,3,,
12,463,"The """"Green Packaging Partnership"""" solution is meant to address the problem of excessive waste generated by the packaging industry. The packaging industry is a significant contributor to global waste, with a significant amount of the waste ending up in landfills or as litter in the environment. This has negative impacts on the environment, including air and water pollution, habitat destruction, and climate change.

In addition, many packaging materials are made from non-renewable resources, which contributes to resource depletion and environmental degradation. Furthermore, many packaging materials are not recyclable, and even those that are recyclable may not be recycled due to lack of infrastructure or contamination.

The """"Green Packaging Partnership"""" solution aims to address these issues by promoting the use of sustainable packaging materials and improving the recyclability of packaging materials. By doing so, the solution can help reduce waste, conserve resources, and promote a more sustainable packaging industry.","The """"Green Packaging Partnership"""" is a program that brings together businesses and consumers to reduce waste from packaging. The program encourages businesses to use environmentally friendly packaging materials and provides incentives for consumers to return used packaging for recycling or reuse.

The program would work by establishing partnerships between businesses and recycling facilities to ensure that all packaging materials are properly collected, sorted, and recycled. Businesses that participate in the program would receive a """"green packaging"""" certification, which would help promote their commitment to sustainability and attract environmentally conscious consumers.

To incentivize consumers to return used packaging for recycling or reuse, the program could offer discounts or rewards for each returned item. These rewards could be in the form of discounts on future purchases, loyalty points, or other benefits.

To make this initiative impactful, the program could focus on industries with high levels of packaging waste, such as the food and beverage industry. By promoting the use of environmentally friendly packaging materials and encouraging their reuse or recycling, this initiative would significantly reduce the environmental impact of these industries.

To make the initiative feasible, the program could initially focus on a specific region or industry sector, gradually expanding as it gains traction. The program could generate revenue by charging a small fee for businesses to participate or by partnering with retailers to offer discounts on future purchases.

To make the initiative scalable, the program could partner with other circular economy initiatives, such as waste management programs or product-as-a-service providers. This would help create a more integrated circular economy system and maximize the impact of the program.

Overall, the """"Green Packaging Partnership"""" has the potential to be a creative, impactful, feasible, and scalable initiative that could significantly reduce waste from packaging and promote the circular economy in the business sector.",1,2,2,,2,,
13,576,"The current practices in the apparel and construction industries contribute significantly to environmental issues due to their resourcesÃ¢ÂÂ consumption patterns. For instance, the apparel industry extensively uses new materials for production without recycling or reusing old fabric, while the construction proportionally utilises tons of brittle, non-flexible, expensive materials.  ","To mitigate these environmental concerns, we propose two strategies. First, we suggest implementing upcycling initiatives in the apparel industry that turn waste or reusable materials into high-quality clothes, thereby reducing waste, cutting down costs, and creating a sustainable clothing lifecycle. Simultaneously, within the construction industry, we should focus on substituting heavy, costly traditional construction materials with a flexible, affordable, and environmentally friendly alternative. By doing so, we ensure that the resulting structures are more adaptable to natural disasters resulting in less damage and rebuilding costs over time.",0,3,2,,2,,
14,232,"The customary model of production and consumption, often called the """"take-make-waste"""" model, is creating an unsustainable demand on our planet's resources. Also, it generates an alarming amount of waste that is continuously degrading our environment.  ","My proposition for a circular economy idea is """"Tech Device Leasing and Refurbishing"""". With how fast technology is progressing, businesses and consumers often replace their electronic devices, such as computers, smartphones, and tablets, every few years. This rapid cycle of consumption and disposal grows the sizable pile of electronic waste, threatening our environment; plus, it demands an unsustainable extraction of rare earth minerals.  In the Tech Device Leasing and Refurbishing model, manufacturers lease devices to businesses and consumers instead of selling them. When the lease ends, the devices are returned to the manufacturer. Once these devices are back, they can be refurbished, updated with new software or hardware, and then leased out again. If the devices are too old to be updated, manufacturers can disassemble them to reclaim and reuse valuable components, drastically reducing the need for new resource extraction.  This model holds significant benefits for businesses because it can provide constant access to up-to-date technology at a lower cost. It could also reduce the tech industry's environmental footprint and transform it from a linear to circular model. It is viable given the increasing focus on reducing e-waste and a drive towards sustainable business practices. The scalability potential of this idea is high considering the increasing consumption of tech devices globally.",0,2,3,,3,,
15,59,"Today, millions of tons of textile waste end up in landfill, leading to severe environmental damage. The fashion industry is one of the most polluting industries in the world and is primarily linear, meaning it produces a significant amount of waste that is not effectively reused or recycled.  ","A 'Clothes-as-a-Service' model could transform the fashion industry. Under this model, brands maintain ownership of the clothes and lease them to customers for a period. This service allows customers to get the style and variety they want, discouraging the tendency for impulse purchases that end up in the landfill. Once clothes are returned, they are cleaned, repaired, and leased again. When they are no longer rentable, these clothes can be recycled in a way that keeps the raw materials in the cycle. This model also offers an opportunity for companies to invest in more durable, high-quality garments, which are more environmental-friendly.",2,2,2,,2,,
16,742,"The idea is based on reusing nuclear waste as an energy extraction element. This based on renewable energy from biomass. In this case, based on nuclear waste.",Disposal of radioactive waste from nuclear power plants. Using it as an energy source to the same extent as biomass renewable energy.,0,3,2,,2,,
17,1002,"The primary problem targeted is the inefficient and wasteful global food system. This problem is multi-faceted, with overproduction and wastage of food on one side, and malnutrition and scarcity on the other. Tracking and accountability of surplus food for redistribution also pose significant challenges.  ","My proposed solution utilizes a more targeted form of AI, known as Machine Learning (ML), coupled with Blockchain technology. The ML model can analyze and predict supply and demand trends based on various factors like historical food sales, crop yields, weather patterns, and consumer trends, thereby initiating the food production and distribution processes accordingly. The redundancy of food production will decrease and thus, wastage. Additionally, decoupling the food supply chain using blockchain technology ensures transparency and enables direct transactions between producers and consumers. This digital """"food ledger"""" will optimize redistribution, explicitly pinpointing where surplus food exists, then rerouting it to areas of need. Simultaneously, smart contracts facilitated by blockchain will handle transactions, ensuring smooth and secure operations. By combining ML and Blockchain, this solution will provide an innovative circular approach to the food system that will reduce waste, optimise resources, and efficiently manage global food distribution.",4,2,2,,2,,
18,1187,"The fashion industry contributes significantly to environmental degradation due to excessive waste production and resource consumption, with many items ending up in landfills or being incinerated. The industry also lacks efficient and green recycling initiatives, with standard recycling methods consuming immense amounts of water and toxins.  ","The creation of """"GreenWear Partnerships"""" Ã¢ÂÂ a collaborative global network of fashion firms, recycling companies, and non-profit organizations working towards sustainable fashion. The framework of GreenWear includes the implementation of rental, repair, and franken-design (blending fragments of multiple old garments to create new) systems alongside recycling initiatives like RecycloFabric. It integrates environmental consciousness not only in recycling but throughout the product's lifecycle.   GreenWear partners contribute by offering clothing rentals, facilitating garment repairs or by donating unfit material to franken-designers, reducing the need for purchasing new clothes. And when the cloth's lifecycle ends, the RecycloFabric technology can be implemented for recycling. This comprehensive solution promotes the use of shared resources, minimizes new production, and innovatively utilizes existing waste materials, highly benefitting the environment.  Financially, GreenWear could help businesses diversify their earning models with rental or repair services, or by selling franken-design creations. Moreover, the implementation costs of GreenWear's circular model can be substantially reduced by shared network resources and collaborative initiatives within the partnership.  In terms of feasibility and scalability, the partnership-based system fosters mutual support and network growth, increasing the potential for scalability and successful adoption industry-wide. Partnerships can begin locally and grow progressively into a global impact network. This solution provides a holistic, collaborative approach to a circular economy in the fashion industry.",2,2,2,,2,,
19,1293,Primarily textile and plastic waste management and possibly (by a long shot) increase in the  cultivation of food plants,"The idea is of replacing cotton ( sourced from farms ) used in mattresses, cushions, sofas and chairs etc. with - appropriately processed - thrown/garbaged textiles (and/or other possibly other waste such as certain type of plastic, rubber or other king of waste). I think it will benefit in  two ways. First by directly providing us a way of recycling the aforementioned waste. And secondly (not a definite but a plausible expectation), the land area under cultivation for cotton going to cushioning purposes can or might get utilized for other in demand or needed purposes.",4,3,3,,3,,
20,1051,Recycle bottle to sell home made tuak,"Tuak is a homemade rice fermented drink that iban woman made to celebrate good harvest. Tuak are normally drink in longhouse for social events. And woman collect bottles, from good quality glass bottle to plastic bottles to store. ",0,2,2,,2,,
21,1004,"Based on my initial answer, the problem that this solution is meant to solve is the overuse of non-renewable resources and the resulting environmental degradation, waste, and pollution. By implementing circular economy practices, businesses can reduce their reliance on finite resources, minimize waste and pollution, and create a more sustainable and resilient economy that benefits both the planet and businesses.

The waste exchange platform solution is meant to address the problem of waste generation and disposal, which is a major environmental issue facing many industries today. Many businesses generate waste materials or by-products in their production processes, which are typically disposed of in landfills, incinerators, or through other waste management practices.

This traditional waste management approach often results in negative environmental impacts, including greenhouse gas emissions, soil and water contamination, and resource depletion. It is also costly for businesses, as they often have to pay for waste disposal and may face regulatory fines for improper waste management.

The waste exchange platform solution aims to create a circular economy by facilitating the exchange of waste materials or by-products among businesses. By finding ways to reuse or recycle these waste materials, the solution can reduce waste generation, lower costs for businesses, and minimize environmental impacts. It can also create new revenue streams for businesses and promote sustainable practices in industries that traditionally generate a lot of waste.","The solution is to implement circular economy practices within businesses. This involves moving away from the traditional linear """"take-make-dispose"""" economic model and towards a circular model, where waste is minimized and resources are kept in use for as long as possible. This can be achieved by implementing practices such as designing products for durability and repair, using renewable energy sources, recycling and repurposing materials, and reducing waste throughout the supply chain. By adopting circular economy practices, businesses can create financial value while also benefiting the environment by reducing waste and pollution, and preserving natural resources for future generations.

One real-life use case for companies to implement circular economy principles in their businesses is to implement a product-as-a-service model. This model involves offering products to customers as a service instead of as a one-time purchase. For example, a company could offer a laundry service for clothing instead of selling the clothes outright to the customer.

This solution has several benefits that make it stand out from existing solutions. First, it reduces waste by encouraging customers to use products for longer periods of time. Second, it incentivizes companies to design products that are more durable and repairable, as they will be responsible for maintaining and repairing the products throughout their lifetimes.

From an environmental standpoint, this solution has the potential to greatly benefit the planet by reducing the amount of waste generated from single-use products. Additionally, the focus on product durability and repairability can lead to a reduction in the use of natural resources in the production of new products.

From a financial perspective, implementing a product-as-a-service model can lead to increased revenue streams for companies. Instead of relying solely on one-time purchases, companies can generate recurring revenue through ongoing service contracts. Additionally, companies can potentially reduce costs associated with the production and disposal of products.

Feasibility and scalability of implementation depend on the specific product or service being offered, but many industries already have successful examples of product-as-a-service models. For example, some car manufacturers offer car-sharing programs where customers can rent cars on a subscription basis. Overall, this solution has the potential to be highly scalable and feasible for many businesses, especially those with products that have a longer lifespan.",0,2,2,,2,,
22,359,"The furniture industry contributes to deforestation and pollution, with discarded wood furniture being burnt or sent to landfills, leading to substantial environmental damage.  ","Implement a 'Furniture Rebirth' program. When a consumer decides to change their furniture, the old item could be returned to the manufacturer. The manufacturer then integrates recyclable parts (wood or plastic) into the production of new pieces or refurbishes the items for resale. This solution ensures:  1. Reduction of environmental pollution due to minimized burning of old furniture and decreased deforestation. 2. Financial impact is positive as manufacturers decrease raw material costs and can sell refurbished units at a competitive price, possibly opening a new market segment, and consumers get incentivized with discounts on their next purchase. 3. It's feasible, as it only needs adjustments in the existing supply chain and scalability depends on consumer awareness and participation.",0,2,3,,3,,
23,954,The problem this solution is meant to solve is reducing waste in commercial kitchens and other industries by monitoring and analyzing waste.,"The solution is a smart waste management system developed by British start-up Winnow. The system uses smart meters to analyze the waste produced in commercial kitchens, measure the amount of food waste and identify ways to reduce it. This technology can be applied in other industries to monitor and reduce waste.",0,2,2,,2,,
24,480,"The absence of a comprehensive global system to identify and track waste byproducts from manufacturing processes limits efficient reuse and recycling efforts, thereby hindering progress towards a circular economy.  ","Implement a global waste tracking and categorization system to increase transparency and efficiency for recycling efforts.   This system, a """"Product Waste Passport,"""" will start at the manufacturing level where raw material inputs are recorded, specific waste outputs predicted, and potential waste categories assigned. Each manufactured product will carry a digital passport indicating the type of waste it will generate at the end of its life and guidance on suitable recycling or reprocessing methods.  The system will require collaboration between manufacturers, recycling firms, and a governing body responsible for oversight and enforcement. Manufacturer responsibility will extend to supplying accurate data for the system; recyclers will ensure effective waste collection and submission of these details into the system, and the governing body will ensure data integrity and provide policy support.  This scalable solution can drive waste collection and recycling efficiency, increase recyclable material value, reduce environmental harm, and bring us closer to realizing a truly circular economy.",0,3,2,,2,,
25,50,"Many students struggle with affording textbooks each semester due to high costs, contributing to financial stress during their academic studies.  ","Implement a textbook rental system within universities so students can lease instead of buying them. This not only makes education more affordable but also promotes reusable resources, driving the educational sector towards a circular economy. The used textbooks can be repaired or refurbished if necessary, ensuring their maximum use. The system could also incorporate a platform for students to share or exchange books, facilitating further reuse.",0,2,2,,2,,
26,845,"Plastic-based food packaging is a major contributor to the environmental issue of non-biodegradable waste accumulation. This problem is global, with millions of tons of single-use plastic packaging dumped in the environment each year. Industries contribute significantly to this problem by using non-sustainable packing techniques, creating pollution and adding to landfill waste.  ","Using food packaging derived from bamboo fibers can significantly help mitigate this issue. Bamboo, a fast-growing plant, is a renewable resource with the potential to replace countless single-use plastic products. It's an innovative approach given its lesser usage in the food packaging industry presently. Bamboo packaging contributes less waste as it is biodegradable and also creates a positive environmental impact. For businesses, it provides the dual benefits of reduced waste management costs and a better corporate image aligning with sustainable practices. In terms of feasibility, transitioning from plastic to bamboo packing, though challenges like new supply chains exist, can be smoothly realized with a phased approach. Bamboo's fast-growing nature also means this solution has excellent scalability potential, proving to be a sustainable long-term choice.",1,2,2,,2,,
27,414,"Public traffic regulatory authorities lack any control of autonomous vehicle flow, totally dependent on vehicle suppliers' self-control","Similar to green-amber-red traffic lights, this provides traffic regulatory authorities a non-invasive solution for better control of autonomous vehicle flow",0,3,2,,2,,
28,298,The rapidly increasing amount of electronic waste poses both environmental pollution and health risk. E-waste contains valuable material that could be repurposed but is usually wasted due to improper disposal.,"To solve this issue, we propose 'TechLottery.com', an online platform where consumers can exchange their old electronics for an entry into a raffle with a chance to win exciting prizes. This system incentivizes responsible e-waste disposal by turning it into an opportunity to win desirable items, encouraging recycling at the consumer level.   TechLottery would create partnerships with technology companies, like Apple or Samsung, who could provide the prizes and benefit from the recyclable materials. Partnering with reputable figures in the tech industry for promotion will increase engagement and trust in the platform.  For efficient operations, participating companies could employ their existing delivery services to retrieve e-waste when delivering a new product. The drawing date of the raffles could be tied to recycling milestones to encourage participation.  'E-cycling' deals and promotions could also be featured on TechLottery. The website would serve as a comprehensive platform to motivate better electronics recycling, ultimately steering consumer behavior towards a circular economy. This concept tackles the electronic waste problem at its sources - consumer disposal habits.",3,2,2,,2,,
29,87,"The fast fashion industry is built on the premise of producing clothes quickly and cheaply, resulting in a throwaway culture where clothes are only worn a few times before being discarded. According to the Ellen MacArthur Foundation, the fashion industry produces 92 million tons of textile waste each year, contributing to 4% of the world's total waste. In addition, the production of new textiles uses significant amounts of energy and water, resulting in greenhouse gas emissions.","Creating a closed-loop textile system can help reduce textile waste and emissions. This system involves creating a circular economy where textiles are reused and recycled. Here are some ideas to achieve a closed-loop textile system:

Rental or second-hand clothing services:
Creating rental or second-hand clothing services can help reduce the demand for new clothes and promote the use of existing clothing. This can be done through subscription services or physical stores that offer rented or second-hand clothes.

Use of recycled fabrics:
Using recycled fabrics in new products can help reduce the demand for new textiles and promote the use of existing fabrics. This can be done through collaborations with recycling companies or by creating products made from recycled fabrics.

Development of biodegradable textiles:
Developing biodegradable textiles can help reduce the amount of textile waste that goes to landfill. This can be done through the use of natural materials such as bamboo or hemp, or through the development of biodegradable synthetic materials.",2,2,2,,2,,
30,124,"The massive environmental footprint of the fashion industry, fuelled by the fast fashion trend, incorporates not only post-consumer waste but also pre-consumer waste - primarily fabric offcuts and overproduction, that end up in landfill or incinerated.  ","A B2B sharing platform for pre-consumption waste in the textile industry. This platform would connect fashion brands and manufacturers, serving as a marketplace for surplus fabric and offcuts. Businesses could sell their excess materials or exchange them for other needed materials. Small and upcoming designers would get to purchase high-quality fabrics at lower prices. An initiative like this could be more readily embraced by the industry, as it targets waste reduction at the source and simultaneously cuts down the costs related to waste management and new material purchase, therefore having a dual positive financial impact for the companies involved.   Moreover, this solution is highly scalable as it can cater to businesses of all sizes across various geographical locations. It promotes a shift from the """"take-make-dispose"""" trend towards """"reduce-reuse-recycle"""" at a systemic level, thus potentially making a significant difference in the environmental impact and sustainability of the textile industry.",2,3,2,,2,,
31,1204,"The current problem lies within the textile dyeing industry, which is heavily reliant on water and chemical usage. This traditional method results in substantial environmental damage, including water contamination due to harmful chemicals, exhaustion of non-renewable resources, and energy-intensive processes leading to high greenhouse gas emissions.  ","Implementing the innovative technique of microbial textile dyeing has the potential to revolutionize the industry. Utilizing genetically modified bacteria to produce eco-friendly textile dyes, this process is devoid of hazardous chemicals traditionally employed, significantly reducing water pollution and health risks for workers. Using less water and energy than the traditional dyeing methods, it decreases the industry's environmental footprint drastically. Moreover, due to its lower resource usage, it presents opportunities for cost reductions, making it a beneficial solution not only environmentally but also financially. This technique can be scaled up to fit large industrial operations, paving the way for a new, sustainable, and economically viable approach in the textile dyeing industry.",0,2,2,,2,,
32,431,"This solution aims to address the challenge of businesses adopting and implementing circular economy practices. Currently, many businesses are aware of the benefits of the circular economy, but may struggle to find and access reliable suppliers of circular economy solutions. This can result in the use of unsustainable products and services, leading to a continued reliance on linear, take-make-waste production processes. The blockchain-powered platform for circular procurement aims to address this challenge by providing a marketplace for verified and tracked circular economy solutions. The platform would help businesses find and access the circular economy products and services they need, creating a more sustainable and circular economy.","A blockchain-powered platform for circular procurement. The platform would connect businesses with suppliers who offer circular economy solutions, such as recycled materials, closed loop production processes, and circular services. By using blockchain technology, the platform would ensure that the circular economy products and services are verified and tracked, creating a transparent and traceable supply chain. The platform would also provide a marketplace for circular economy solutions, making it easier for businesses to adopt and implement circular economy practices. The blockchain-powered platform for circular procurement would promote a more sustainable and circular economy by creating a transparent and accessible market for circular economy solutions.",0,2,2,,2,,
33,304,"The rapid growth of the digital economy is leading to an increase in energy consumption and carbon emissions, largely due to the operation and manufacturing of data centers. Besides, e-waste from obsolete servers contributes to the growing environmental crisis, making a circular solution essential.  ","Introducing a """"Green Server-as-a-service"""" model could be an excellent circular economy solution. Under this model, tech companies can lease energy-efficient servers to businesses instead of selling them. Once the lease term is over, the servers are returned to the tech company. These returned servers can be refurbished and leased again or responsibly recycled to extract valuable components.   The novelty of this solution is the combination of energy-efficient servers and the leasing model, tackling both CO2 emissions and e-waste. Environmentally, it reduces e-waste volume and the demand for new server manufacturing, consequently lessening resource extraction.  Financially, it lowers the operational costs of data centers due to energy efficiency and provides companies a continuous revenue stream through leasing. It also reduces the financial burden on businesses through the elimination of high upfront costs of server purchase, allowing for predictability of costs through leasing.  The feasibility of implementation is high as it doesn't require considerable alteration in business structures. The scalability is vast due to the universal requirement for data servers across industries. Existing server manufacturing companies can easily switch to this model, making implementation easier and faster. Tying up with recycling firms for material recovery at the end of a server's lifecycle can further optimize the circularity of this system.",0,3,2,,2,,
34,1287,"I would like to address the sustainability of public buildings and their benefit to society and the environment
","Create an ecological public building that will have an intelligent lighting system, hermetic double-glazed openings (DVH), state-of-the-art air conditioning equipment, waste recycling, a water treatment plant, and afforestation with native species. The forecast of a solar energy park that feeds not only the building, but also inputs voltage to the common electrical network, green terraces and ecological gardens that can be worked by low-income people for their sustainability and that of the community.
The idea is that this green support process starts from the State and can then be applied on a smaller scale to social housing and common spaces in society in general.
Each public building will have a differentiated treatment depending on the role it fulfills in society, for example, the Government House must have a sustainable development of more than 70% of its operation, while a Municipal building will lower this percentage considerably to 50%, being these applicable minimum values.",0,2,2,,2,,
35,567,"The global supply chain produces significant waste, partly due to single-use packaging for goods transportation, posing a serious environmental concern. Reducing this packaging waste while improving efficiency and cutting costs can contribute significantly to the circular economy.  ","The proposition is an enhanced version of a """"Packaging as a Service"""" model, which we will call """"Smart, Returnable Packaging as a Service."""" The idea is to create a system where businesses can lease smart, durable, reusable packaging for their supply chain needs.   By embedding each packaging with a unique, digital identity (e.g., RFID tags or IoT sensor), the system can precisely track and manage the use and circulation of the packaging. It'll improve return rates, enhancing visibility for businesses over their supply chain, and increase efficiency.   From an environmental perspective, by significantly reducing the need for single-use packaging, it aids waste reduction and efficiently optimizes transportation routes through sophisticated technology.  For businesses, they'll not only save on constant costs of one-off packaging but also benefit from increased supply chain efficiency and visibility. This could result in additional saving and Implies a positive brand image.  In terms of feasibility and scalability, this solution can be applied across various scales and industries. It's not reliant on consumer behavior changes but instead on businesses' incentive to cut costs and increase efficiency. Despite initial investment requirements, the efficiency gained along with the positive environmental impact make the model attractive for long-term sustainability and profitability. Businesses adopting the model can incrementally scale their investment as they realize its benefits. Regulatory challenges, if any, could be navigated by demonstrating the model's positive environmental and economic impact, aided by potential for sector-wise standardization.",1,2,2,,2,,
36,543,"In the supermarket there is a big basket full of plastic jars of spices,Which it may take a long time to find what the consumer wants","In the supermarket there is a big basket full of plastic jars of spices,Which it may take a long time to find what the consumer wants
These plastic jars of spices, we can replace with smart dispensing machines which have a system that allows customers to refill products . 
Provide the supermarket with a smart dispensing machine, the consumer determines the required quantity, puts the jar and puts the money  like a soft drink machine, or pay by credit card which will be included in machine options , so the consumer will save the packaging price  of the product which approximately 30% of product's price.",0,2,2,,2,,
37,1183,"Transition to eco-friendly electric vehicles (EVs) in developing countries is lagging due to the scarcity of public charging facilities and the high cost of establishing them. This makes potential EV owners hesitant to transition from fossil fuel vehicles, hindering sustainable development efforts to mitigate climate change.  ","""""Charger Anywhere and Everywhere"""" is a simple, economical, and innovative solution for the EV industry. This program introduces a portable digital device, attachable to any EV charger, that monitors electricity consumption (in units) during charging. The device synchronizes with a smartphone application, enabling it to calculate real-time power usage.   When an EV owner charges their vehicle at any place, whether it be a shop, office, cafe, or home, the digital device will inform the application about the amount of electricity consumed. The application then calculates the cost of the electricity at the current rate. Payment is made through the application, providing an energy trade-off system that both the electricity provider and the EV owner find fair and profitable.   The benefits include:   1. EV owners now feel free to travel long distances without worrying about finding a charging station. 2. Residents without EVs can participate in the green economy by providing electricity for recharging. 3. The financial burden of establishing large-scale charging infrastructure is minimized. 4. It fosters a local marketplace for energy, promoting economic activity. 5. The increase in EV usage reduces fossil fuel consumption and carbon emissions, thus benefiting the environment.  This grassroots solution swiftly and efficiently expands EV charging networks in developing nations, promoting a high-impact transition to a more circular, green economy.",0,2,2,,2,,
38,129,"Eliminate the need for thousands of plastic bottles, cans, glass bottles or any other recipient used for beverages.","Instead of producing beverages in bottles, cans or other recipients which are small and in large numbers, the beverage can be stored in a bigger container which works like a """"vending machine"""". The customer pays for 1 litre of liquid and brings his own bottle and the machine provides the liquid. In this way the manufacturers don't need to store the beverages in thousands of bottles. The pollution will be reduced due the lack of need for the same number of recipients. The container is refillable, so no need for thousands of bottles or cans or any other recipients.",0,3,2,,2,,
39,352,"The fast fashion industry contributes to environmental pollution and waste, with its focus on rapid production cycles and disposable clothing. This arises from wasteful production methods, harmful use of chemicals, and labor exploitation.   ","Introducing a distributed blockchain system within the Circular Fashion model would efficiently encourages traceability, ownership, and incentivization.   The blockchain platform could, for example, use digital tokens to reward consumers for participating in sustainable activities. These tokens could be redeemed for discounts on future purchases or repair services. By making sustainable behavior rewarding, it is more likely to encourage the large-scale consumer shifts necessary for the success of the Circular Fashion model.   Meanwhile, the transparent nature of blockchain technology could assist in traceability: ensuring the ethical creation of products and their lifespan, from raw materials through to end consumers. This allows customers to make more informed decisions about their purchases, and can enhance brand reputation.  The improved Circular Fashion model with blockchain technology would not only maintain the environmental benefits of the initial model, but it could be more financially viable, rewarding both consumers and businesses. It could also inspire profound innovation in consumer-business relationships and go beyond the fashion industry to other industries facing similar issues.",2,2,2,,2,,
40,504,"The escalating electronic waste problem is detrimental to our planet. With rapid tech advancements and decreasing lifecycles for electronic products, e-waste is a persistent and exponentially growing global concern.  ","I propose the creation of a Closed-Loop System for Electronic Devices. This holistic concept significantly enhances environmental impact by reducing electronic waste, conserving natural resources and minimizing hazardous waste disposal.  This process starts with designing products for longevity, repair, and recycling. Manufacturers should prioritize modularity and durability during the design phase which could enhance product life and simplify the repair process.   The next point of intervention is during the use phase. Companies should encourage consumers to repair and upgrade devices rather than replacing them. This can be achieved by making spare parts and repair manuals easily accessible, and promoting software updates that don't slow down older models.   Once the device has reached the end of its life, the materials are recycled and fed back into the production process. Manufacturers would need to develop and use advanced technology for efficient recycling of electronic components and a robust tracking mechanism to ensure no component goes to waste.  Moreover, an incentivised return system could be established. Consumers could return their old devices, for which they would receive discounts on new purchases or other rewards. These returned devices could then be refurbished and sold, or recycled in an environmentally friendly way.  Such a system reduces reliance on the extraction of new materials, consequentially reducing the environmental impact. This also saves costs in the long run and could open up new market opportunities for refurbished or reused devices.   However, the success and scalability of this solution largely depend on manufacturers willingness to shift their priorities from selling more to creating circular, sustainable value, and regulatory support. Government regulations should encourage such practices and consumers should be made aware of the importance of the issue and the potential their actions hold.",3,2,2,,2,,
41,193,The problem of plastic waste.,The solution is to use plastic to create bricks for construction and to pave roads,1,3,2,,2,,
42,804,"Lipids oxidation in food is the major causes of food spoilage, and since lipids play an important roles in good quality and nutrition in food, however, it is one of the main and easy target of oxidation reaction causes by reactive oxygen species(free radicals), which leads to spoilage of the food, reduced it's quality, off-odurs and flavors, colour changes, and nutrition value reduce.","Since lipids oxidation which leads to the food spoilage is caused by oxidation reaction by reactive oxygen species(free radicals), then increasing of the antioxidants of the food content which would scavenge the reactive of species and inhibit most of their reactions should be one of the major solution. Also, genetic modification of some species of plant and veggies, to inhibit the activities of reactive oxygen species (free radicals).",4,2,3,,3,,